Unnamed: 0,Unnamed: 1,Unnamed: 2,Unnamed: 3,Unnamed: 4,Unnamed: 5,Unnamed: 6,Unnamed: 7,Unnamed: 8,Unnamed: 9,Unnamed: 10,Unnamed: 11,Unnamed: 12
,,Put a X on Each answer that you have got ,,,,,,,,,,
,,Count the number of X's in Eaxch Column Enter the Total for Each Column in Total Row at the end of that column ,,,,,,,,,,
,,,,,,,,,,,,
,,,E,I,S,N,T,F,J,P,,
,,1,,,,,,,1, ,,
,,2,,,,,,,1, ,,
,,3,,,1,0,,,,,,
,,4,1,0,,,,,,,,
,,5,,,1,0,,,,,,
,,6,,,,,1,0,,,,
,,7,,,,,,,1,0,,
,,8,0,1,,,,,,,,
,,9,,,,,,,1,0,,
,,10,,,,,,,0,1,,
,,11,,,,,,, ,1,,
,,12,1, ,,,,,,,,
,,13,,,1,0,,,,,,
,,14,1,0,,,,,,,,
,,15,,,0,1,,,,,,
,,16,,,,,1,0,,,,
,,17,,,,,,, ,1,,
,,18,1, ,,,,,,,,
,,19,0,1,,,,,,,,
,,20,,,,,,, ,1,,
,,21,,,,,,,1,0,,
,,22,1, ,,,,,,,,
,,23,1,0,,,,,,,,
,,24,,,0, ,,,,,,
,,25,,,,,,,1,0,,
,,26, ,1,,,,,,,,
,,27,1, ,,,,,,,,
,,28,,,,,,,1,0,,
,,29,,,1,0,,,,,,
,,30,,,,,1,0,,,,
,,31,,,,, ,1,,,,
,,32,,,1,0,,,,,,
,,33,,,,,,,1,0,,
,,34,1, ,,,,,,,,
,,35,0, ,,,,,,,,
,,36,,,,,,,1, ,,
,,37,,,1,0,,,,,,
,,38,,,,,1,0,,,,
,,39,,,,,1, ,,,,
,,40,,,1,0,,,,,,
,,41,,,,,,,1, ,,
,,42,1, ,,,,,,,,
,,43,,,,,,,1, ,,
,,44,,,1,0,,,,,,
,,45,,,,,0,1,,,,
,,46,,,,,1,0,,,,
,,47,,,1,0,,,,,,
,,48,0,1,,,,,,,,
,,49,,,,,,, ,1,,
,,50,,,1,0,,,,,,
,,51,,,,, ,1,,,,
,,52,,,,, ,1,,,,
,,53,,,1, ,,,,,,
,,54,1, ,,,,,,,,
,,55,,,1,0,,,,,,
,,56,,,,, ,1,,,,
,,57,,,,,1,0,,,,
,,58,,,1,0,,,,,,
,,59,,,,,,,1, ,,
,,60,1, ,,,,,,,,
,,61,,,0, ,,,,,,
,,62,0,1,,,,,,,,
,,63,,, ,1,,,,,,
,,64,,,,, ,1,,,,
,,65,,,,,,,1,0,,
,,66,1, ,,,,,,,,
,,67,0,1,,,,,,,,
,,68,,,,,,,1,0,,
,,69,,,,, ,1,,,,
,,70,,,,,,,1, ,,
,,71,,,,,,,1,0,,
,,72,0,1,,,,,,,,
,,73,,,1, ,,,,,,
,,74,,, ,0,,,,,,
,,75,,,,,1,0,,,,
,,76,,,,,,,1,0,,
,,77, ,1,,,,,,,,
,,78,,,,,1,0,,,,
,,79,,,1, ,,,,,,
,,80,,,,, ,1,,,,
,,81,,,,,0,1,,,,
,,82,,,1, ,,,,,,
,,83,,,0,1,,,,,,
,,84,,,,,1,0,,,,
,,85,,,,, ,1,,,,
,,86,,,0,1,,,,,,
,,87,,, ,0,,,,,,
,,88,,,,,1,0,,,,
,,89,,,,, ,1,,,,
,,90,,,1,0,,,,,,
,,91,,,,, ,1,,,,
,,92,,,,, ,1,,,,
,,93,,,0,1,,,,,,
,,Total,12,8,17,5,11,13,17,5,,88.0
,,Count,20,20,22,22,24,24,22,22,,
,,% Score,0.6,0.4,0.7727272727272727,0.22727272727272727,0.4583333333333333,0.5416666666666666,0.7727272727272727,0.22727272727272727,,
