Unnamed: 0,Unnamed: 1,Unnamed: 2,PERSONALITY PROFILING TEST,Unnamed: 4,Unnamed: 5
,,,,,
,,Part I,Which answer comes closest to describing  how you usually feel or act ?,,
,,,,,
,,1,"When you go somewhere for the day , would you rather",a,b
,,( a ),Plan what you will do,1, 
,,( b ),Just go,,
,,2,Do you consider yourself to be,a,b
,,( a ),More of an organised person,1, 
,,( b ),More of a spontaneous person ,,
,,3,If you were a teacher would you rather teach,a,b
,,( a ),Fact courses or,1,
,,( b ),Courses involving theory,,
,,4,Are you usually,a,b
,,( a ),A good mixer or,1,0
,,( b ),Rather quiet and reserved,,
,,5,Do you get along with,a,b
,,( a ),Realistic people,1,
,,( b ),Imaginative people or,,
,,6,Do you more often let,a,b
,,( a ),Your head rule heart,1,
,,( b ),Your heart rule head ,,
,,7,Do you prefer to do  any things,a,b
,,( a ),According to your plans,1,
,,( b ),On the spur of the moment or,,
,,8,Are you,a,b
,,( a ),Easy to get to know or,,1
,,( b ),Hard to get to know,,
,,9,Does Following Schedule,a,b
,,( a ),Appeal to you or ,1,
,,( b ),Cramp you,,
,,10,"When you have a special job to do , do you like to",a,b
,,( a ),Organise it carefully before you start or,,1
,,( b ),Find out necessary as you go along,,
,,11,In most instances do you prefer to,a,b
,,( a ),Follow a schedule, ,1
,,( b ),Go with the flow,,
,,12,Would Most people say you are,a,b
,,( a ),A very open Person,1, 
,,( b ),A private person,,
,,13,Would you rather be considered,a,b
,,( a ),A Practical Person,1,
,,( b ),Ingeneous person,,
,,14,In A large group do you more often,a,b
,,( a ),Introduce pthers,1,
,,( b ),Or Get Introduced,,
,,15,Would you rather have a friend someone who,a,b
,,( a ),Has Both feet on the ground, ,1
,,( b ),Is Always Coming up with New Ideas,,
,,16,Are you inclined to, ,b
,,( a ),Value Logic more than sentiment,1,
,,( b ),Value Sentiment more than logic or,,
,,17,Do you prefer to ,a,b
,,( a ),Plan things far in advance, ,1
,,( b ),Wait and see what happens and then make plans or,,
,,18,Do you tend to spend a lot of time,a,b
,,( a ),With others ,1, 
,,( b ),By Yourself,,
,,19,Do you find being around a lot of people,a,b
,,( a ),Give you more energy,,1
,,( b ),Is often draining,,
,,20,Do you prefer to,a,b
,,( a ),"Arrange dates parties etc , well in  advance", ,1
,,( b ),Be free to do whatever looks like fun when time comes,,
,,21,In Planning a trip would you prefer to,a,b
,,( a ),Know ahead of the time what you'll be doing most days,1,
,,( b ),Most of the time what you feel like that day,,
,,22,At parties do you,a,b
,,( a ),Have fun,1, 
,,( b ),Sometimes get bored,,
,,23,Do you Usually,a,b
,,( a ),Mingle well with other,1,
,,( b ),Tend to keep to yourself,,
,,24,Are you more attracted to,a,b
,,( a ),A practical person with a lot of common sense,1, 
,,( b ),A person with a quick and brilliant mind,,
,,25,In your daily work do you,a,b
,,( a ),Usually Plan your work so you won't need to work under pressure,1,
,,( b ),Rather Enjoy an Emergency that makes you work against time,,
,,26,Would you generally say it takes other,a,b
,,( a ),Little time to get to know you, ,1
,,( b ),A lot of time to get to know you,,
,,,,,
,,Part II,"Which word in Each pair appears to you more ? Think about what words mean , not about how they look or how they sound",,
,,27,,,
,,( a ),Open,a,b
,,( b ),Private,1, 
,,28,,,
,,( a ),Scheduled,a,b
,,( b ),Unplanned,1,
,,29,,,
,,( a ),Solid,a,b
,,( b ),Abstract,1,
,,30,,,
,,( a ),Firm,a,b
,,( b ),Gentle,1,
,,31,,,
,,( a ),Thinking,a,b
,,( b ),Feeling, ,1
,,32,,,
,,( a ),Facts,a,b
,,( b ),Ideas,1, 
,,33,,,
,,( a ),Decision ,a,b
,,( b ),Impulse,1,
,,34,,,
,,( a ),Hearty,a,b
,,( b ),Quiet,1, 
,,35,,,
,,( a ),Outgoing ,a,b
,,( b ),Quiet,1, 
,,36,,,
,,( a ),Systematic,a,b
,,( b ),Casual,1, 
,,37,,,
,,( a ),Certinity,a,b
,,( b ),Theory,1, 
,,38,,,
,,( a ),Just,a,b
,,( b ),Sensitive,1,
,,39,,,
,,( a ),Convincing,a,b
,,( b ),Touching,1, 
,,40,,,
,,( a ),Statement,a,b
,,( b ),Concept,1, 
,,41,,,
,,( a ),Scheduled,a,b
,,( b ),Unconstrained,1, 
,,42,,,
,,( a ),Talkative,a,b
,,( b ),Reserved,1, 
,,43,,,
,,( a ),Oderly,a,b
,,( b ),Easygoing,1, 
,,44,,,
,,( a ),Actually,a,b
,,( b ),Idea,1,
,,45,,,
,,( a ),Foresight,a,b
,,( b ),Compassion,,1
,,46,,,
,,( a ),Benefits,a,b
,,( b ),Blessings,1,
,,47,,,
,,( a ),No - Nonsense,a,b
,,( b ),Theoretical,1,
,,48,,,
,,( a ),Lots of Friends,a,b
,,( b ),Few Friends,,1
,,49,,,
,,( a ),Syestamatic,a,b
,,( b ),Spontaneous, ,1
,,50,,,
,,( a ),Matter of Fact,a,b
,,( b ),imaginative,1,
,,51,,,
,,( a ),Objective,a,b
,,( b ),Warm, ,1
,,52,,,
,,( a ),Objective,a,b
,,( b ),passionate, ,1
,,53,,,
,,( a ),Build,a,b
,,( b ),Invent,1, 
,,54,,,
,,( a ),Gregarious,a,b
,,( b ),Quiet,1, 
,,55,,,
,,( a ),Fact,a,b
,,( b ),Theory,1,
,,56,,,
,,( a ),Logical,a,b
,,( b ),Compassionate, ,1
,,57,,,
,,( a ),Analytical,a,b
,,( b ),Sentimental,1,
,,58,,,
,,( a ),Sensible,a,b
,,( b ),Fascinating,1,
,,,,,
,,Part III, Which Answer  Comes Closest to describing how you usually feel or act ,,
,,,,,
,,,,,
,,59,"When you start a big project that is due in a week , do you ",a,b
,,( a ),Take time to llist separate things to be done and the order of doing them,1, 
,,( b ),Plunge right in,,
,,60,In Special situations do you generally find it,a,
,,( a ),Easy to talk to most people for long period of time,1, 
,,( b ),"Difficult to start and maintain , a conversation with some people ",,
,,61,"In doing something that many people do , does it appeal to you more to",a,b
,,( a ),do it in an accepted way,1, 
,,( b ),Invent a way of your own,,
,,62,Can the people you meet tell you what you are interested in,a,b
,,( a ),Right away,,1
,,( b ),Only after they really get to know you,,
,,63,Do you Generally prefer courses that teach,a,b
,,( a ),Facts and figures, ,1
,,( b ),Concepts and principles,,
,,64,Is it a higher compliment to be called,a,b
,,( a ),A consistently reasonable Person, ,1
,,( b ),A Person of Real Feeling,,
,,65,Do you find going by a schedule,a,b
,,( a ),Helpful and favourable most of the time,1,
,,( b ),Necessary at times by generally unfavourable,,
,,66,"When you are with a group of people , would you you usually rather",a,b
,,( a ),Join in talk of the group,1, 
,,( b ),Join  Individually with people you know well,,
,,67,At parties do you,a,b
,,( a ),Do much of the talking,,1
,,( b ),Let others do most of the talking,,
,,68,Does the idea of making a list of what you should get done over a weekend,a,b
,,( a ),Appeal to you ,1,
,,( b ),Leave you cold,,
,,69,Which is a higher compliment to be called,a,b
,,( a ),Competent, ,1
,,( b ),Compassionate,,
,,70,Do you generally prefer to,a,b
,,( a ),Made your Social engagements Some Distance ahead,1, 
,,( b ),Be free to do things in a spur of the moment,,
,,71,Overall when working on a big assignment do you tend to,a,b
,,( a ),Begin by breaking it down in steps,1,
,,( b ),Figure out what you need to do as you go along,,
,,72,Can you keep a conversation going indefinetely,a,b
,,( a ),With almost anyone,,1
,,( b ),"Only with people , you share same interests of yours",,
,,73,Would you rather,a,b
,,( a ),Support the establised methods of doing good,1, 
,,( b ),Alemsnalyse What is Still Wrong and attack unresolved prob,,
,,74,In reading for pleasure do you,a,b
,,( a ),Like writers to say exactly what they mean, ,1
,,( b ),Enjoy Old and original ways of Saying things,,
,,75,Would you rather work under a boss (or teacher) who is,a,b
,,( a ),Sharp Tongued but always logical,1,
,,( b ),A good natured but always inconsistent,,
,,76,Would you prefer to do most things acording to,a,b
,,( a ),Set a schedule,1,
,,( b ),How do you feel that particular day,,
,,77,Can you ,a,b
,,( a ),Talk easily to almost anyone for as long as you have to , ,1
,,( b ),Find a lot to say only to certain People Or under certain conditions,,
,,78,"When Making a Decision , is it more important to you to ",a,b
,,( a ),Weighs the facts,1,
,,( b ),Consider People's Feelings and Opinions,,
,,,,,
,,Part IV,Which Word in Each pair appeals to you more ? Think About what the words mean and not about how they look or they sound,,
,,79,,,
,,( a ),Realistic,a,b
,,( b ),Imaginative,1, 
,,80,,,
,,( a ),Firm Minded,a,b
,,( b ),Big Hearted, ,1
,,81,,,
,,( a ),Fair Minded,a,b
,,( b ),Caring, ,1
,,82,,,
,,( a ),Production,a,b
,,( b ),Design,1, 
,,83,,,
,,( a ),Certainities,a,b
,,( b ),Probabilities,,1
,,84,,,
,,( a ),Strength,a,b
,,( b ),tenderness,1,
,,85,,,
,,( a ),Practical,a,b
,,( b ),Sentimental, ,1
,,86,,,
,,( a ),Make,a,b
,,( b ),Create,,1
,,87,,,
,,( a ),Already Known,a,b
,,( b ),Novel, ,1
,,88,,,
,,( a ),Analyze,a,b
,,( b ),Sympathize,1,
,,89,,,
,,( a ),Strong Willed,a,b
,,( b ),Tender Hearted, ,1
,,90,,,
,,( a ),Concrete,a,b
,,( b ),Abstract,1, 
,,91,,,
,,( a ),Determined,a,b
,,( b ),Devoted, ,1
,,92,,,
,,( a ),Competent,a,b
,,( b ),Kind Hearted, ,1
,,93,,,
,,( a ),Practical,a,b
,,( b ),Innovative,,1
